id,qun_name,qun_img_url,wx_code_img,wx_no,create_time,city
1,出个房大场找房交流群,//js.baletoo.cn/Public/m/better_house/wx_qun/qun_list@3x.png,//js.baletoo.cn/Public/m/better_house/wx_qun/baoshan.png?20210326,18516626790,2021-04-27 14:19:00,上海
2,出个房大华找房交流群,//js.baletoo.cn/Public/m/better_house/wx_qun/qun_list@3x.png,//js.baletoo.cn/Public/m/better_house/wx_qun/baoshan.png?20210326,18516626790,2021-04-27 14:19:00,上海
3,出个房共富找房交流群,//js.baletoo.cn/Public/m/better_house/wx_qun/qun_list@3x.png,//js.baletoo.cn/Public/m/better_house/wx_qun/baoshan.png?20210326,18516626790,2021-04-27 14:19:00,上海
4,出个房顾村找房交流群,//js.baletoo.cn/Public/m/better_house/wx_qun/qun_list@3x.png,//js.baletoo.cn/Public/m/better_house/wx_qun/baoshan.png?20210326,18516626790,2021-04-27 14:19:00,上海
5,出个房罗店找房交流群,//js.baletoo.cn/Public/m/better_house/wx_qun/qun_list@3x.png,//js.baletoo.cn/Public/m/better_house/wx_qun/baoshan.png?20210326,18516626790,2021-04-27 14:19:00,上海
6,出个房南京西路找房交流群,//js.baletoo.cn/Public/m/better_house/wx_qun/qun_list@3x.png,//js.baletoo.cn/Public/m/better_house/wx_qun/baoshan.png?20210326,18516626790,2021-04-27 14:19:00,上海
7,出个房彭浦找房交流群,//js.baletoo.cn/Public/m/better_house/wx_qun/qun_list@3x.png,//js.baletoo.cn/Public/m/better_house/wx_qun/baoshan.png?20210326,18516626790,2021-04-27 14:19:00,上海
8,出个房通河找房交流群,//js.baletoo.cn/Public/m/better_house/wx_qun/qun_list@3x.png,//js.baletoo.cn/Public/m/better_house/wx_qun/baoshan.png?20210326,18516626790,2021-04-27 14:19:00,上海
9,出个房杨行找房交流群,//js.baletoo.cn/Public/m/better_house/wx_qun/qun_list@3x.png,//js.baletoo.cn/Public/m/better_house/wx_qun/baoshan.png?20210326,18516626790,2021-04-27 14:19:00,上海
10,出个房鞍山找房交流群,//js.baletoo.cn/Public/m/better_house/wx_qun/qun_list@3x.png,//js.baletoo.cn/Public/m/better_house/wx_qun/huzhong.png?20210326,15336637801,2021-04-27 14:19:00,上海
11,出个房东外滩找房交流群,//js.baletoo.cn/Public/m/better_house/wx_qun/qun_list@3x.png,//js.baletoo.cn/Public/m/better_house/wx_qun/huzhong.png?20210326,15336637801,2021-04-27 14:19:00,上海
12,出个房高境找房交流群,//js.baletoo.cn/Public/m/better_house/wx_qun/qun_list@3x.png,//js.baletoo.cn/Public/m/better_house/wx_qun/huzhong.png?20210326,15336637801,2021-04-27 14:19:00,上海
13,出个房嘉定新城找房交流群,//js.baletoo.cn/Public/m/better_house/wx_qun/qun_list@3x.png,//js.baletoo.cn/Public/m/better_house/wx_qun/huzhong.png?20210326,15336637801,2021-04-27 14:19:00,上海
14,出个房江湾镇找房交流群,//js.baletoo.cn/Public/m/better_house/wx_qun/qun_list@3x.png,//js.baletoo.cn/Public/m/better_house/wx_qun/huzhong.png?20210326,15336637801,2021-04-27 14:19:00,上海
15,出个房梅园找房交流群,//js.baletoo.cn/Public/m/better_house/wx_qun/qun_list@3x.png,//js.baletoo.cn/Public/m/better_house/wx_qun/huzhong.png?20210326,15336637801,2021-04-27 14:19:00,上海
16,出个房四川北路找房交流群,//js.baletoo.cn/Public/m/better_house/wx_qun/qun_list@3x.png,//js.baletoo.cn/Public/m/better_house/wx_qun/huzhong.png?20210326,15336637801,2021-04-27 14:19:00,上海
17,出个房潍坊找房交流群,//js.baletoo.cn/Public/m/better_house/wx_qun/qun_list@3x.png,//js.baletoo.cn/Public/m/better_house/wx_qun/huzhong.png?20210326,15336637801,2021-04-27 14:19:00,上海
18,出个房闸北公园找房交流群,//js.baletoo.cn/Public/m/better_house/wx_qun/qun_list@3x.png,//js.baletoo.cn/Public/m/better_house/wx_qun/huzhong.png?20210326,15336637801,2021-04-27 14:19:00,上海
19,出个房真光找房交流群,//js.baletoo.cn/Public/m/better_house/wx_qun/qun_list@3x.png,//js.baletoo.cn/Public/m/better_house/wx_qun/huzhong.png?20210326,15336637801,2021-04-27 14:19:00,上海
20,出个房真如找房交流群,//js.baletoo.cn/Public/m/better_house/wx_qun/qun_list@3x.png,//js.baletoo.cn/Public/m/better_house/wx_qun/huzhong.png?20210326,15336637801,2021-04-27 14:19:00,上海
21,出个房中原社区找房交流群,//js.baletoo.cn/Public/m/better_house/wx_qun/qun_list@3x.png,//js.baletoo.cn/Public/m/better_house/wx_qun/huzhong.png?20210326,15336637801,2021-04-27 14:19:00,上海
22,出个房中远两湾城找房交流群,//js.baletoo.cn/Public/m/better_house/wx_qun/qun_list@3x.png,//js.baletoo.cn/Public/m/better_house/wx_qun/huzhong.png?20210326,15336637801,2021-04-27 14:19:00,上海
23,出个房周家嘴路找房交流群,//js.baletoo.cn/Public/m/better_house/wx_qun/qun_list@3x.png,//js.baletoo.cn/Public/m/better_house/wx_qun/huzhong.png?20210326,15336637801,2021-04-27 14:19:00,上海
24,出个房安亭找房交流群,//js.baletoo.cn/Public/m/better_house/wx_qun/qun_list@3x.png,//js.baletoo.cn/Public/m/better_house/wx_qun/fengxiananting.png?20210326,lingling181231,2021-04-27 14:19:00,上海
25,出个房江桥新城找房交流群,//js.baletoo.cn/Public/m/better_house/wx_qun/qun_list@3x.png,//js.baletoo.cn/Public/m/better_house/wx_qun/fengxiananting.png?20210326,lingling181231,2021-04-27 14:19:00,上海
26,出个房菊园新区找房交流群,//js.baletoo.cn/Public/m/better_house/wx_qun/qun_list@3x.png,//js.baletoo.cn/Public/m/better_house/wx_qun/fengxiananting.png?20210326,lingling181231,2021-04-27 14:19:00,上海
27,出个房华漕找房交流群,//js.baletoo.cn/Public/m/better_house/wx_qun/qun_list@3x.png,//js.baletoo.cn/Public/m/better_house/wx_qun/fengxiananting.png?20210326,lingling181231,2021-04-27 14:19:00,上海
28,出个房南桥找房交流群,//js.baletoo.cn/Public/m/better_house/wx_qun/qun_list@3x.png,//js.baletoo.cn/Public/m/better_house/wx_qun/fengxiananting.png?20210326,lingling181231,2021-04-27 14:19:00,上海
29,出个房北蔡找房交流群,//js.baletoo.cn/Public/m/better_house/wx_qun/qun_list@3x.png,//js.baletoo.cn/Public/m/better_house/wx_qun/pudong.png?20210326,18074217899,2021-04-27 14:19:00,上海
30,出个房高行找房交流群,//js.baletoo.cn/Public/m/better_house/wx_qun/qun_list@3x.png,//js.baletoo.cn/Public/m/better_house/wx_qun/pudong.png?20210326,18074217899,2021-04-27 14:19:00,上海
31,出个房惠南找房交流群,//js.baletoo.cn/Public/m/better_house/wx_qun/qun_list@3x.png,//js.baletoo.cn/Public/m/better_house/wx_qun/pudong.png?20210326,18074217899,2021-04-27 14:19:00,上海
32,出个房金桥找房交流群,//js.baletoo.cn/Public/m/better_house/wx_qun/qun_list@3x.png,//js.baletoo.cn/Public/m/better_house/wx_qun/pudong.png?20210326,18074217899,2021-04-27 14:19:00,上海
33,出个房康桥找房交流群,//js.baletoo.cn/Public/m/better_house/wx_qun/qun_list@3x.png,//js.baletoo.cn/Public/m/better_house/wx_qun/pudong.png?20210326,18074217899,2021-04-27 14:19:00,上海
34,出个房浦江找房交流群,//js.baletoo.cn/Public/m/better_house/wx_qun/qun_list@3x.png,//js.baletoo.cn/Public/m/better_house/wx_qun/pudong.png?20210326,18074217899,2021-04-27 14:19:00,上海
35,出个房三林找房交流群,//js.baletoo.cn/Public/m/better_house/wx_qun/qun_list@3x.png,//js.baletoo.cn/Public/m/better_house/wx_qun/pudong.png?20210326,18074217899,2021-04-27 14:19:00,上海
36,出个房外高桥找房交流群,//js.baletoo.cn/Public/m/better_house/wx_qun/qun_list@3x.png,//js.baletoo.cn/Public/m/better_house/wx_qun/pudong.png?20210326,18074217899,2021-04-27 14:19:00,上海
37,出个房周浦找房交流群,//js.baletoo.cn/Public/m/better_house/wx_qun/qun_list@3x.png,//js.baletoo.cn/Public/m/better_house/wx_qun/pudong.png?20210326,18074217899,2021-04-27 14:19:00,上海
38,出个房北新泾找房交流群,//js.baletoo.cn/Public/m/better_house/wx_qun/qun_list@3x.png,//js.baletoo.cn/Public/m/better_house/wx_qun/puxi.png?20210326,19975342003,2021-04-27 14:19:00,上海
39,出个房春申找房交流群,//js.baletoo.cn/Public/m/better_house/wx_qun/qun_list@3x.png,//js.baletoo.cn/Public/m/better_house/wx_qun/puxi.png?20210326,19975342003,2021-04-27 14:19:00,上海
40,出个房古美罗阳找房交流群,//js.baletoo.cn/Public/m/better_house/wx_qun/qun_list@3x.png,//js.baletoo.cn/Public/m/better_house/wx_qun/puxi.png?20210326,19975342003,2021-04-27 14:19:00,上海
41,出个房金虹桥找房交流群,//js.baletoo.cn/Public/m/better_house/wx_qun/qun_list@3x.png,//js.baletoo.cn/Public/m/better_house/wx_qun/puxi.png?20210326,19975342003,2021-04-27 14:19:00,上海
42,出个房九亭找房交流群,//js.baletoo.cn/Public/m/better_house/wx_qun/qun_list@3x.png,//js.baletoo.cn/Public/m/better_house/wx_qun/puxi.png?20210326,19975342003,2021-04-27 14:19:00,上海
43,出个房老闵行找房交流群,//js.baletoo.cn/Public/m/better_house/wx_qun/qun_list@3x.png,//js.baletoo.cn/Public/m/better_house/wx_qun/puxi.png?20210326,19975342003,2021-04-27 14:19:00,上海
44,出个房七宝找房交流群,//js.baletoo.cn/Public/m/better_house/wx_qun/qun_list@3x.png,//js.baletoo.cn/Public/m/better_house/wx_qun/puxi.png?20210326,19975342003,2021-04-27 14:19:00,上海
45,出个房莘庄找房交流群,//js.baletoo.cn/Public/m/better_house/wx_qun/qun_list@3x.png,//js.baletoo.cn/Public/m/better_house/wx_qun/puxi.png?20210326,19975342003,2021-04-27 14:19:00,上海
46,出个房泗泾找房交流群,//js.baletoo.cn/Public/m/better_house/wx_qun/qun_list@3x.png,//js.baletoo.cn/Public/m/better_house/wx_qun/puxi.png?20210326,19975342003,2021-04-27 14:19:00,上海
47,出个房松江大学城找房交流群,//js.baletoo.cn/Public/m/better_house/wx_qun/qun_list@3x.png,//js.baletoo.cn/Public/m/better_house/wx_qun/puxi.png?20210326,19975342003,2021-04-27 14:19:00,上海
48,出个房松江老城找房交流群,//js.baletoo.cn/Public/m/better_house/wx_qun/qun_list@3x.png,//js.baletoo.cn/Public/m/better_house/wx_qun/puxi.png?20210326,19975342003,2021-04-27 14:19:00,上海
49,出个房徐家汇找房交流群,//js.baletoo.cn/Public/m/better_house/wx_qun/qun_list@3x.png,//js.baletoo.cn/Public/m/better_house/wx_qun/puxi.png?20210326,19975342003,2021-04-27 14:19:00,上海
50,出个房颛桥找房交流群,//js.baletoo.cn/Public/m/better_house/wx_qun/qun_list@3x.png,//js.baletoo.cn/Public/m/better_house/wx_qun/puxi.png?20210326,19975342003,2021-04-27 14:19:00,上海
51,出个房曹路找房交流群,//js.baletoo.cn/Public/m/better_house/wx_qun/qun_list@3x.png,//js.baletoo.cn/Public/m/better_house/wx_qun/zhangjiangtangzhen.png?20210326,WElXlNHAO_________,2021-04-27 14:19:00,上海
52,出个房川沙找房交流群,//js.baletoo.cn/Public/m/better_house/wx_qun/qun_list@3x.png,//js.baletoo.cn/Public/m/better_house/wx_qun/zhangjiangtangzhen.png?20210326,WElXlNHAO_________,2021-04-27 14:19:00,上海
53,出个房航头找房交流群,//js.baletoo.cn/Public/m/better_house/wx_qun/qun_list@3x.png,//js.baletoo.cn/Public/m/better_house/wx_qun/zhangjiangtangzhen.png?20210326,WElXlNHAO_________,2021-04-27 14:19:00,上海
54,出个房唐镇找房交流群,//js.baletoo.cn/Public/m/better_house/wx_qun/qun_list@3x.png,//js.baletoo.cn/Public/m/better_house/wx_qun/zhangjiangtangzhen.png?20210326,WElXlNHAO_________,2021-04-27 14:19:00,上海
55,出个房张江找房交流群,//js.baletoo.cn/Public/m/better_house/wx_qun/qun_list@3x.png,//js.baletoo.cn/Public/m/better_house/wx_qun/zhangjiangtangzhen.png?20210326,WElXlNHAO_________,2021-04-27 14:19:00,上海
123,出个房百子湾找房交流群,//js.baletoo.cn/Public/m/better_house/wx_qun/qun_list@3x.png,//js.baletoo.cn/Public/m/better_house/wx_qun/beijing1.png?20210326,beijingwuhuan666,2021-04-27 14:19:03,北京
124,出个房高碑店找房交流群,//js.baletoo.cn/Public/m/better_house/wx_qun/qun_list@3x.png,//js.baletoo.cn/Public/m/better_house/wx_qun/beijing1.png?20210326,beijingwuhuan666,2021-04-27 14:19:03,北京
125,出个房和义找房交流群,//js.baletoo.cn/Public/m/better_house/wx_qun/qun_list@3x.png,//js.baletoo.cn/Public/m/better_house/wx_qun/beijing1.png?20210326,beijingwuhuan666,2021-04-27 14:19:03,北京
126,出个房十八里店找房交流群,//js.baletoo.cn/Public/m/better_house/wx_qun/qun_list@3x.png,//js.baletoo.cn/Public/m/better_house/wx_qun/beijing1.png?20210326,beijingwuhuan666,2021-04-27 14:19:03,北京
127,出个房北关找房交流群,//js.baletoo.cn/Public/m/better_house/wx_qun/qun_list@3x.png,//js.baletoo.cn/Public/m/better_house/wx_qun/beijing2.png?20210326,nicai979899,2021-04-27 14:19:03,北京
128,出个房常营找房交流群,//js.baletoo.cn/Public/m/better_house/wx_qun/qun_list@3x.png,//js.baletoo.cn/Public/m/better_house/wx_qun/beijing2.png?20210326,nicai979899,2021-04-27 14:19:03,北京
129,出个房果园找房交流群,//js.baletoo.cn/Public/m/better_house/wx_qun/qun_list@3x.png,//js.baletoo.cn/Public/m/better_house/wx_qun/beijing2.png?20210326,nicai979899,2021-04-27 14:19:03,北京
130,出个房回龙观找房交流群,//js.baletoo.cn/Public/m/better_house/wx_qun/qun_list@3x.png,//js.baletoo.cn/Public/m/better_house/wx_qun/beijing2.png?20210326,nicai979899,2021-04-27 14:19:03,北京
131,出个房清河找房交流群,//js.baletoo.cn/Public/m/better_house/wx_qun/qun_list@3x.png,//js.baletoo.cn/Public/m/better_house/wx_qun/beijing2.png?20210326,nicai979899,2021-04-27 14:19:03,北京
132,出个房天通苑找房交流群,//js.baletoo.cn/Public/m/better_house/wx_qun/qun_list@3x.png,//js.baletoo.cn/Public/m/better_house/wx_qun/beijing2.png?20210326,nicai979899,2021-04-27 14:19:03,北京
133,出个房通州北苑找房交流群,//js.baletoo.cn/Public/m/better_house/wx_qun/qun_list@3x.png,//js.baletoo.cn/Public/m/better_house/wx_qun/beijing2.png?20210326,nicai979899,2021-04-27 14:19:03,北京
134,出个房望京找房交流群,//js.baletoo.cn/Public/m/better_house/wx_qun/qun_list@3x.png,//js.baletoo.cn/Public/m/better_house/wx_qun/beijing2.png?20210326,nicai979899,2021-04-27 14:19:03,北京
135,出个房西红门找房交流群,//js.baletoo.cn/Public/m/better_house/wx_qun/qun_list@3x.png,//js.baletoo.cn/Public/m/better_house/wx_qun/beijing3.png?20210326,Wxinxin1221,2021-04-27 14:19:03,北京
136,出个房定福庄找房交流群,//js.baletoo.cn/Public/m/better_house/wx_qun/qun_list@3x.png,//js.baletoo.cn/Public/m/better_house/wx_qun/beijing3.png?20210326,Wxinxin1221,2021-04-27 14:19:03,北京
137,出个房百子湾找房交流群,//js.baletoo.cn/Public/m/better_house/wx_qun/qun_list@3x.png,//js.baletoo.cn/Public/m/better_house/wx_qun/beijing3.png?20210326,Wxinxin1221,2021-04-27 14:19:03,北京
138,出个房北苑找房交流群,//js.baletoo.cn/Public/m/better_house/wx_qun/qun_list@3x.png,//js.baletoo.cn/Public/m/better_house/wx_qun/beijing3.png?20210326,Wxinxin1221,2021-04-27 14:19:03,北京
139,出个房清源找房交流群,//js.baletoo.cn/Public/m/better_house/wx_qun/qun_list@3x.png,//js.baletoo.cn/Public/m/better_house/wx_qun/beijing3.png?20210326,Wxinxin1221,2021-04-27 14:19:03,北京
140,出个房劲松找房交流群,//js.baletoo.cn/Public/m/better_house/wx_qun/qun_list@3x.png,//js.baletoo.cn/Public/m/better_house/wx_qun/beijing3.png?20210326,Wxinxin1221,2021-04-27 14:19:03,北京
141,出个房双井找房交流群,//js.baletoo.cn/Public/m/better_house/wx_qun/qun_list@3x.png,//js.baletoo.cn/Public/m/better_house/wx_qun/beijing3.png?20210326,Wxinxin1221,2021-04-27 14:19:03,北京
142,出个房顺义城区找房交流群,//js.baletoo.cn/Public/m/better_house/wx_qun/qun_list@3x.png,//js.baletoo.cn/Public/m/better_house/wx_qun/beijing3.png?20210326,Wxinxin1221,2021-04-27 14:19:03,北京
143,出个房马坡找房交流群,//js.baletoo.cn/Public/m/better_house/wx_qun/qun_list@3x.png,//js.baletoo.cn/Public/m/better_house/wx_qun/beijing3.png?20210326,Wxinxin1221,2021-04-27 14:19:03,北京
144,出个房管庄找房交流群,//js.baletoo.cn/Public/m/better_house/wx_qun/qun_list@3x.png,//js.baletoo.cn/Public/m/better_house/wx_qun/beijing3.png?20210326,Wxinxin1221,2021-04-27 14:19:03,北京
145,出个房上地找房交流群,//js.baletoo.cn/Public/m/better_house/wx_qun/qun_list@3x.png,//js.baletoo.cn/Public/m/better_house/wx_qun/beijing3.png?20210326,Wxinxin1221,2021-04-27 14:19:03,北京
146,出个房枣园找房交流群,//js.baletoo.cn/Public/m/better_house/wx_qun/qun_list@3x.png,//js.baletoo.cn/Public/m/better_house/wx_qun/beijing3.png?20210326,Wxinxin1221,2021-04-27 14:19:03,北京
147,出个房中央别墅区找房交流群,//js.baletoo.cn/Public/m/better_house/wx_qun/qun_list@3x.png,//js.baletoo.cn/Public/m/better_house/wx_qun/beijing3.png?20210326,Wxinxin1221,2021-04-27 14:19:03,北京
148,出个房潘家园找房交流群,//js.baletoo.cn/Public/m/better_house/wx_qun/qun_list@3x.png,//js.baletoo.cn/Public/m/better_house/wx_qun/beijing3.png?20210326,Wxinxin1221,2021-04-27 14:19:03,北京
149,出个房庞各庄找房交流群,//js.baletoo.cn/Public/m/better_house/wx_qun/qun_list@3x.png,//js.baletoo.cn/Public/m/better_house/wx_qun/beijing3.png?20210326,Wxinxin1221,2021-04-27 14:19:03,北京
150,出个房高米店找房交流群,//js.baletoo.cn/Public/m/better_house/wx_qun/qun_list@3x.png,//js.baletoo.cn/Public/m/better_house/wx_qun/beijing3.png?20210326,Wxinxin1221,2021-04-27 14:19:03,北京
151,出个房玉泉营找房交流群,//js.baletoo.cn/Public/m/better_house/wx_qun/qun_list@3x.png,//js.baletoo.cn/Public/m/better_house/wx_qun/beijing3.png?20210326,Wxinxin1221,2021-04-27 14:19:03,北京
152,出个房大望路找房交流群,//js.baletoo.cn/Public/m/better_house/wx_qun/qun_list@3x.png,//js.baletoo.cn/Public/m/better_house/wx_qun/beijing3.png?20210326,Wxinxin1221,2021-04-27 14:19:03,北京
153,出个房方庄找房交流群,//js.baletoo.cn/Public/m/better_house/wx_qun/qun_list@3x.png,//js.baletoo.cn/Public/m/better_house/wx_qun/beijing3.png?20210326,Wxinxin1221,2021-04-27 14:19:03,北京
154,出个房旧宫找房交流群,//js.baletoo.cn/Public/m/better_house/wx_qun/qun_list@3x.png,//js.baletoo.cn/Public/m/better_house/wx_qun/beijing3.png?20210326,Wxinxin1221,2021-04-27 14:19:03,北京
155,出个房和义找房交流群,//js.baletoo.cn/Public/m/better_house/wx_qun/qun_list@3x.png,//js.baletoo.cn/Public/m/better_house/wx_qun/beijing3.png?20210326,Wxinxin1221,2021-04-27 14:19:03,北京
156,出个房龙泽找房交流群,//js.baletoo.cn/Public/m/better_house/wx_qun/qun_list@3x.png,//js.baletoo.cn/Public/m/better_house/wx_qun/beijing3.png?20210326,Wxinxin1221,2021-04-27 14:19:03,北京
157,出个房石门找房交流群,//js.baletoo.cn/Public/m/better_house/wx_qun/qun_list@3x.png,//js.baletoo.cn/Public/m/better_house/wx_qun/beijing3.png?20210326,Wxinxin1221,2021-04-27 14:19:03,北京
158,出个房六里桥找房交流群,//js.baletoo.cn/Public/m/better_house/wx_qun/qun_list@3x.png,//js.baletoo.cn/Public/m/better_house/wx_qun/beijing3.png?20210326,Wxinxin1221,2021-04-27 14:19:03,北京
159,出个房垡头找房交流群,//js.baletoo.cn/Public/m/better_house/wx_qun/qun_list@3x.png,//js.baletoo.cn/Public/m/better_house/wx_qun/beijing3.png?20210326,Wxinxin1221,2021-04-27 14:19:03,北京
160,出个房马连洼找房交流群,//js.baletoo.cn/Public/m/better_house/wx_qun/qun_list@3x.png,//js.baletoo.cn/Public/m/better_house/wx_qun/beijing3.png?20210326,Wxinxin1221,2021-04-27 14:19:03,北京
161,出个房顺义机场找房交流群,//js.baletoo.cn/Public/m/better_house/wx_qun/qun_list@3x.png,//js.baletoo.cn/Public/m/better_house/wx_qun/beijing3.png?20210326,Wxinxin1221,2021-04-27 14:19:03,北京
162,出个房白纸坊找房交流群,//js.baletoo.cn/Public/m/better_house/wx_qun/qun_list@3x.png,//js.baletoo.cn/Public/m/better_house/wx_qun/beijing3.png?20210326,Wxinxin1221,2021-04-27 14:19:03,北京
163,出个房崇文门找房交流群,//js.baletoo.cn/Public/m/better_house/wx_qun/qun_list@3x.png,//js.baletoo.cn/Public/m/better_house/wx_qun/beijing3.png?20210326,Wxinxin1221,2021-04-27 14:19:03,北京
164,出个房天竺找房交流群,//js.baletoo.cn/Public/m/better_house/wx_qun/qun_list@3x.png,//js.baletoo.cn/Public/m/better_house/wx_qun/beijing3.png?20210326,Wxinxin1221,2021-04-27 14:19:03,北京
165,出个房来广营找房交流群,//js.baletoo.cn/Public/m/better_house/wx_qun/qun_list@3x.png,//js.baletoo.cn/Public/m/better_house/wx_qun/beijing3.png?20210326,Wxinxin1221,2021-04-27 14:19:03,北京
166,出个房东花市找房交流群,//js.baletoo.cn/Public/m/better_house/wx_qun/qun_list@3x.png,//js.baletoo.cn/Public/m/better_house/wx_qun/beijing3.png?20210326,Wxinxin1221,2021-04-27 14:19:03,北京
167,出个房西北旺找房交流群,//js.baletoo.cn/Public/m/better_house/wx_qun/qun_list@3x.png,//js.baletoo.cn/Public/m/better_house/wx_qun/beijing3.png?20210326,Wxinxin1221,2021-04-27 14:19:03,北京
168,出个房观音寺找房交流群,//js.baletoo.cn/Public/m/better_house/wx_qun/qun_list@3x.png,//js.baletoo.cn/Public/m/better_house/wx_qun/beijing3.png?20210326,Wxinxin1221,2021-04-27 14:19:03,北京
169,出个房草桥找房交流群,//js.baletoo.cn/Public/m/better_house/wx_qun/qun_list@3x.png,//js.baletoo.cn/Public/m/better_house/wx_qun/beijing3.png?20210326,Wxinxin1221,2021-04-27 14:19:03,北京
170,出个房菜户营找房交流群,//js.baletoo.cn/Public/m/better_house/wx_qun/qun_list@3x.png,//js.baletoo.cn/Public/m/better_house/wx_qun/beijing3.png?20210326,Wxinxin1221,2021-04-27 14:19:03,北京
171,出个房天宁寺找房交流群,//js.baletoo.cn/Public/m/better_house/wx_qun/qun_list@3x.png,//js.baletoo.cn/Public/m/better_house/wx_qun/beijing3.png?20210326,Wxinxin1221,2021-04-27 14:19:03,北京
172,出个房清河找房交流群,//js.baletoo.cn/Public/m/better_house/wx_qun/qun_list@3x.png,//js.baletoo.cn/Public/m/better_house/wx_qun/beijing3.png?20210326,Wxinxin1221,2021-04-27 14:19:03,北京
173,出个房万柳找房交流群,//js.baletoo.cn/Public/m/better_house/wx_qun/qun_list@3x.png,//js.baletoo.cn/Public/m/better_house/wx_qun/beijing3.png?20210326,Wxinxin1221,2021-04-27 14:19:03,北京
174,出个房瀛海镇找房交流群,//js.baletoo.cn/Public/m/better_house/wx_qun/qun_list@3x.png,//js.baletoo.cn/Public/m/better_house/wx_qun/beijing3.png?20210326,Wxinxin1221,2021-04-27 14:19:03,北京
175,出个房广渠门找房交流群,//js.baletoo.cn/Public/m/better_house/wx_qun/qun_list@3x.png,//js.baletoo.cn/Public/m/better_house/wx_qun/beijing3.png?20210326,Wxinxin1221,2021-04-27 14:19:03,北京
176,出个房牡丹园找房交流群,//js.baletoo.cn/Public/m/better_house/wx_qun/qun_list@3x.png,//js.baletoo.cn/Public/m/better_house/wx_qun/beijing3.png?20210326,Wxinxin1221,2021-04-27 14:19:03,北京
177,出个房丽泽桥找房交流群,//js.baletoo.cn/Public/m/better_house/wx_qun/qun_list@3x.png,//js.baletoo.cn/Public/m/better_house/wx_qun/beijing3.png?20210326,Wxinxin1221,2021-04-27 14:19:03,北京
178,出个房建国门找房交流群,//js.baletoo.cn/Public/m/better_house/wx_qun/qun_list@3x.png,//js.baletoo.cn/Public/m/better_house/wx_qun/beijing3.png?20210326,Wxinxin1221,2021-04-27 14:19:03,北京
179,出个房马连道找房交流群,//js.baletoo.cn/Public/m/better_house/wx_qun/qun_list@3x.png,//js.baletoo.cn/Public/m/better_house/wx_qun/beijing3.png?20210326,Wxinxin1221,2021-04-27 14:19:03,北京
180,出个房五棵松找房交流群,//js.baletoo.cn/Public/m/better_house/wx_qun/qun_list@3x.png,//js.baletoo.cn/Public/m/better_house/wx_qun/beijing3.png?20210326,Wxinxin1221,2021-04-27 14:19:03,北京
181,出个房滨河找房交流群,//js.baletoo.cn/Public/m/better_house/wx_qun/qun_list@3x.png,//js.baletoo.cn/Public/m/better_house/wx_qun/beijing3.png?20210326,Wxinxin1221,2021-04-27 14:19:03,北京
182,出个房天坛找房交流群,//js.baletoo.cn/Public/m/better_house/wx_qun/qun_list@3x.png,//js.baletoo.cn/Public/m/better_house/wx_qun/beijing3.png?20210326,Wxinxin1221,2021-04-27 14:19:03,北京
183,出个房黄村找房交流群,//js.baletoo.cn/Public/m/better_house/wx_qun/qun_list@3x.png,//js.baletoo.cn/Public/m/better_house/wx_qun/beijing3.png?20210326,Wxinxin1221,2021-04-27 14:19:03,北京
184,出个房新发地找房交流群,//js.baletoo.cn/Public/m/better_house/wx_qun/qun_list@3x.png,//js.baletoo.cn/Public/m/better_house/wx_qun/beijing3.png?20210326,Wxinxin1221,2021-04-27 14:19:03,北京
185,出个房花乡找房交流群,//js.baletoo.cn/Public/m/better_house/wx_qun/qun_list@3x.png,//js.baletoo.cn/Public/m/better_house/wx_qun/beijing3.png?20210326,Wxinxin1221,2021-04-27 14:19:03,北京
186,出个房东单找房交流群,//js.baletoo.cn/Public/m/better_house/wx_qun/qun_list@3x.png,//js.baletoo.cn/Public/m/better_house/wx_qun/beijing3.png?20210326,Wxinxin1221,2021-04-27 14:19:03,北京
187,出个房双榆树找房交流群,//js.baletoo.cn/Public/m/better_house/wx_qun/qun_list@3x.png,//js.baletoo.cn/Public/m/better_house/wx_qun/beijing3.png?20210326,Wxinxin1221,2021-04-27 14:19:03,北京
188,出个房月坛找房交流群,//js.baletoo.cn/Public/m/better_house/wx_qun/qun_list@3x.png,//js.baletoo.cn/Public/m/better_house/wx_qun/beijing3.png?20210326,Wxinxin1221,2021-04-27 14:19:03,北京
189,出个房豆各庄找房交流群,//js.baletoo.cn/Public/m/better_house/wx_qun/qun_list@3x.png,//js.baletoo.cn/Public/m/better_house/wx_qun/beijing3.png?20210326,Wxinxin1221,2021-04-27 14:19:03,北京
56,出个房北干找房交流群,//js.baletoo.cn/Public/m/better_house/wx_qun/qun_list@3x.png,//js.baletoo.cn/Public/m/better_house/wx_qun/xiaoshanbinjiang.png?20210326,15372666277,2021-04-27 14:19:08,杭州
57,出个房未来科技城找房交流群,//js.baletoo.cn/Public/m/better_house/wx_qun/qun_list@3x.png,//js.baletoo.cn/Public/m/better_house/wx_qun/xiaoshanbinjiang.png?20210326,15372666277,2021-04-27 14:19:08,杭州
58,出个房西兴找房交流群,//js.baletoo.cn/Public/m/better_house/wx_qun/qun_list@3x.png,//js.baletoo.cn/Public/m/better_house/wx_qun/xiaoshanbinjiang.png?20210326,15372666277,2021-04-27 14:19:08,杭州
59,出个房湘湖找房交流群,//js.baletoo.cn/Public/m/better_house/wx_qun/qun_list@3x.png,//js.baletoo.cn/Public/m/better_house/wx_qun/xiaoshanbinjiang.png?20210326,15372666277,2021-04-27 14:19:08,杭州
60,出个房闸弄口找房交流群,//js.baletoo.cn/Public/m/better_house/wx_qun/qun_list@3x.png,//js.baletoo.cn/Public/m/better_house/wx_qun/xiaoshanbinjiang.png?20210326,15372666277,2021-04-27 14:19:08,杭州
61,出个房长河找房交流群,//js.baletoo.cn/Public/m/better_house/wx_qun/qun_list@3x.png,//js.baletoo.cn/Public/m/better_house/wx_qun/xiaoshanbinjiang.png?20210326,15372666277,2021-04-27 14:19:08,杭州
62,出个房浦沿找房交流群,//js.baletoo.cn/Public/m/better_house/wx_qun/qun_list@3x.png,//js.baletoo.cn/Public/m/better_house/wx_qun/xiaoshanbinjiang.png?20210326,15372666277,2021-04-27 14:19:08,杭州
63,出个房萧山周边找房交流群,//js.baletoo.cn/Public/m/better_house/wx_qun/qun_list@3x.png,//js.baletoo.cn/Public/m/better_house/wx_qun/xiaoshanbinjiang.png?20210326,15372666277,2021-04-27 14:19:08,杭州
64,出个房古荡找房交流群,//js.baletoo.cn/Public/m/better_house/wx_qun/qun_list@3x.png,//js.baletoo.cn/Public/m/better_house/wx_qun/sandunwanda.png?20210326,chuxia969798,2021-04-27 14:19:08,杭州
65,出个房和睦找房交流群,//js.baletoo.cn/Public/m/better_house/wx_qun/qun_list@3x.png,//js.baletoo.cn/Public/m/better_house/wx_qun/sandunwanda.png?20210326,chuxia969798,2021-04-27 14:19:08,杭州
66,出个房良渚找房交流群,//js.baletoo.cn/Public/m/better_house/wx_qun/qun_list@3x.png,//js.baletoo.cn/Public/m/better_house/wx_qun/sandunwanda.png?20210326,chuxia969798,2021-04-27 14:19:08,杭州
67,出个房三墩找房交流群,//js.baletoo.cn/Public/m/better_house/wx_qun/qun_list@3x.png,//js.baletoo.cn/Public/m/better_house/wx_qun/sandunwanda.png?20210326,chuxia969798,2021-04-27 14:19:08,杭州
68,出个房文三路找房交流群,//js.baletoo.cn/Public/m/better_house/wx_qun/qun_list@3x.png,//js.baletoo.cn/Public/m/better_house/wx_qun/sandunwanda.png?20210326,chuxia969798,2021-04-27 14:19:08,杭州
69,出个房星桥找房交流群,//js.baletoo.cn/Public/m/better_house/wx_qun/qun_list@3x.png,//js.baletoo.cn/Public/m/better_house/wx_qun/sandunwanda.png?20210326,chuxia969798,2021-04-27 14:19:08,杭州
70,出个房余杭周边找房交流群,//js.baletoo.cn/Public/m/better_house/wx_qun/qun_list@3x.png,//js.baletoo.cn/Public/m/better_house/wx_qun/sandunwanda.png?20210326,chuxia969798,2021-04-27 14:19:08,杭州
71,出个房转塘找房交流群,//js.baletoo.cn/Public/m/better_house/wx_qun/qun_list@3x.png,//js.baletoo.cn/Public/m/better_house/wx_qun/sandunwanda.png?20210326,chuxia969798,2021-04-27 14:19:08,杭州
72,出个房笕桥找房交流群,//js.baletoo.cn/Public/m/better_house/wx_qun/qun_list@3x.png,//js.baletoo.cn/Public/m/better_house/wx_qun/nanyuanlinping.png?20210326,chugefang08,2021-04-27 14:19:08,杭州
73,出个房景芳找房交流群,//js.baletoo.cn/Public/m/better_house/wx_qun/qun_list@3x.png,//js.baletoo.cn/Public/m/better_house/wx_qun/nanyuanlinping.png?20210326,chugefang08,2021-04-27 14:19:08,杭州
74,出个房临平找房交流群,//js.baletoo.cn/Public/m/better_house/wx_qun/qun_list@3x.png,//js.baletoo.cn/Public/m/better_house/wx_qun/nanyuanlinping.png?20210326,chugefang08,2021-04-27 14:19:08,杭州
75,出个房钱江世纪新城找房交流群,//js.baletoo.cn/Public/m/better_house/wx_qun/qun_list@3x.png,//js.baletoo.cn/Public/m/better_house/wx_qun/nanyuanlinping.png?20210326,chugefang08,2021-04-27 14:19:08,杭州
76,出个房乔司找房交流群,//js.baletoo.cn/Public/m/better_house/wx_qun/qun_list@3x.png,//js.baletoo.cn/Public/m/better_house/wx_qun/nanyuanlinping.png?20210326,chugefang08,2021-04-27 14:19:08,杭州
77,出个房下沙找房交流群,//js.baletoo.cn/Public/m/better_house/wx_qun/qun_list@3x.png,//js.baletoo.cn/Public/m/better_house/wx_qun/nanyuanlinping.png?20210326,chugefang08,2021-04-27 14:19:08,杭州
78,出个房闻堰找房交流群,//js.baletoo.cn/Public/m/better_house/wx_qun/qun_list@3x.png,//js.baletoo.cn/Public/m/better_house/wx_qun/daguangouzhuang.png?20210326,13396648466,2021-04-27 14:19:08,杭州
79,出个房天水找房交流群,//js.baletoo.cn/Public/m/better_house/wx_qun/qun_list@3x.png,//js.baletoo.cn/Public/m/better_house/wx_qun/daguangouzhuang.png?20210326,13396648466,2021-04-27 14:19:08,杭州
80,出个房三塘找房交流群,//js.baletoo.cn/Public/m/better_house/wx_qun/qun_list@3x.png,//js.baletoo.cn/Public/m/better_house/wx_qun/daguangouzhuang.png?20210326,13396648466,2021-04-27 14:19:08,杭州
81,出个房闲林找房交流群,//js.baletoo.cn/Public/m/better_house/wx_qun/qun_list@3x.png,//js.baletoo.cn/Public/m/better_house/wx_qun/daguangouzhuang.png?20210326,13396648466,2021-04-27 14:19:08,杭州
82,出个房南星找房交流群,//js.baletoo.cn/Public/m/better_house/wx_qun/qun_list@3x.png,//js.baletoo.cn/Public/m/better_house/wx_qun/daguangouzhuang.png?20210326,13396648466,2021-04-27 14:19:08,杭州
83,出个房西溪找房交流群,//js.baletoo.cn/Public/m/better_house/wx_qun/qun_list@3x.png,//js.baletoo.cn/Public/m/better_house/wx_qun/daguangouzhuang.png?20210326,13396648466,2021-04-27 14:19:08,杭州
84,出个房武林找房交流群,//js.baletoo.cn/Public/m/better_house/wx_qun/qun_list@3x.png,//js.baletoo.cn/Public/m/better_house/wx_qun/daguangouzhuang.png?20210326,13396648466,2021-04-27 14:19:08,杭州
85,出个房雄镇楼找房交流群,//js.baletoo.cn/Public/m/better_house/wx_qun/qun_list@3x.png,//js.baletoo.cn/Public/m/better_house/wx_qun/daguangouzhuang.png?20210326,13396648466,2021-04-27 14:19:08,杭州
86,出个房潮鸣找房交流群,//js.baletoo.cn/Public/m/better_house/wx_qun/qun_list@3x.png,//js.baletoo.cn/Public/m/better_house/wx_qun/daguangouzhuang.png?20210326,13396648466,2021-04-27 14:19:08,杭州
87,出个房笕桥找房交流群,//js.baletoo.cn/Public/m/better_house/wx_qun/qun_list@3x.png,//js.baletoo.cn/Public/m/better_house/wx_qun/daguangouzhuang.png?20210326,13396648466,2021-04-27 14:19:08,杭州
88,出个房北干找房交流群,//js.baletoo.cn/Public/m/better_house/wx_qun/qun_list@3x.png,//js.baletoo.cn/Public/m/better_house/wx_qun/daguangouzhuang.png?20210326,13396648466,2021-04-27 14:19:08,杭州
89,出个房近江找房交流群,//js.baletoo.cn/Public/m/better_house/wx_qun/qun_list@3x.png,//js.baletoo.cn/Public/m/better_house/wx_qun/daguangouzhuang.png?20210326,13396648466,2021-04-27 14:19:08,杭州
90,出个房小河找房交流群,//js.baletoo.cn/Public/m/better_house/wx_qun/qun_list@3x.png,//js.baletoo.cn/Public/m/better_house/wx_qun/daguangouzhuang.png?20210326,13396648466,2021-04-27 14:19:08,杭州
91,出个房拱宸桥找房交流群,//js.baletoo.cn/Public/m/better_house/wx_qun/qun_list@3x.png,//js.baletoo.cn/Public/m/better_house/wx_qun/daguangouzhuang.png?20210326,13396648466,2021-04-27 14:19:08,杭州
92,出个房复兴路找房交流群,//js.baletoo.cn/Public/m/better_house/wx_qun/qun_list@3x.png,//js.baletoo.cn/Public/m/better_house/wx_qun/daguangouzhuang.png?20210326,13396648466,2021-04-27 14:19:08,杭州
93,出个房开发区找房交流群,//js.baletoo.cn/Public/m/better_house/wx_qun/qun_list@3x.png,//js.baletoo.cn/Public/m/better_house/wx_qun/daguangouzhuang.png?20210326,13396648466,2021-04-27 14:19:08,杭州
94,出个房湖墅找房交流群,//js.baletoo.cn/Public/m/better_house/wx_qun/qun_list@3x.png,//js.baletoo.cn/Public/m/better_house/wx_qun/daguangouzhuang.png?20210326,13396648466,2021-04-27 14:19:08,杭州
95,出个房半山找房交流群,//js.baletoo.cn/Public/m/better_house/wx_qun/qun_list@3x.png,//js.baletoo.cn/Public/m/better_house/wx_qun/daguangouzhuang.png?20210326,13396648466,2021-04-27 14:19:08,杭州
96,出个房望江找房交流群,//js.baletoo.cn/Public/m/better_house/wx_qun/qun_list@3x.png,//js.baletoo.cn/Public/m/better_house/wx_qun/daguangouzhuang.png?20210326,13396648466,2021-04-27 14:19:08,杭州
97,出个房富春找房交流群,//js.baletoo.cn/Public/m/better_house/wx_qun/qun_list@3x.png,//js.baletoo.cn/Public/m/better_house/wx_qun/daguangouzhuang.png?20210326,13396648466,2021-04-27 14:19:08,杭州
98,出个房德胜路找房交流群,//js.baletoo.cn/Public/m/better_house/wx_qun/qun_list@3x.png,//js.baletoo.cn/Public/m/better_house/wx_qun/daguangouzhuang.png?20210326,13396648466,2021-04-27 14:19:08,杭州
99,出个房大关找房交流群,//js.baletoo.cn/Public/m/better_house/wx_qun/qun_list@3x.png,//js.baletoo.cn/Public/m/better_house/wx_qun/daguangouzhuang.png?20210326,13396648466,2021-04-27 14:19:08,杭州
100,出个房西湖找房交流群,//js.baletoo.cn/Public/m/better_house/wx_qun/qun_list@3x.png,//js.baletoo.cn/Public/m/better_house/wx_qun/daguangouzhuang.png?20210326,13396648466,2021-04-27 14:19:08,杭州
101,出个房翠苑找房交流群,//js.baletoo.cn/Public/m/better_house/wx_qun/qun_list@3x.png,//js.baletoo.cn/Public/m/better_house/wx_qun/daguangouzhuang.png?20210326,13396648466,2021-04-27 14:19:08,杭州
102,出个房萧山周边找房交流群,//js.baletoo.cn/Public/m/better_house/wx_qun/qun_list@3x.png,//js.baletoo.cn/Public/m/better_house/wx_qun/daguangouzhuang.png?20210326,13396648466,2021-04-27 14:19:08,杭州
103,出个房临安找房交流群,//js.baletoo.cn/Public/m/better_house/wx_qun/qun_list@3x.png,//js.baletoo.cn/Public/m/better_house/wx_qun/daguangouzhuang.png?20210326,13396648466,2021-04-27 14:19:08,杭州
104,出个房长庆找房交流群,//js.baletoo.cn/Public/m/better_house/wx_qun/qun_list@3x.png,//js.baletoo.cn/Public/m/better_house/wx_qun/daguangouzhuang.png?20210326,13396648466,2021-04-27 14:19:08,杭州
105,出个房小营找房交流群,//js.baletoo.cn/Public/m/better_house/wx_qun/qun_list@3x.png,//js.baletoo.cn/Public/m/better_house/wx_qun/daguangouzhuang.png?20210326,13396648466,2021-04-27 14:19:08,杭州
106,出个房凤起路找房交流群,//js.baletoo.cn/Public/m/better_house/wx_qun/qun_list@3x.png,//js.baletoo.cn/Public/m/better_house/wx_qun/daguangouzhuang.png?20210326,13396648466,2021-04-27 14:19:08,杭州
107,出个房清波找房交流群,//js.baletoo.cn/Public/m/better_house/wx_qun/qun_list@3x.png,//js.baletoo.cn/Public/m/better_house/wx_qun/daguangouzhuang.png?20210326,13396648466,2021-04-27 14:19:08,杭州
108,出个房德胜找房交流群,//js.baletoo.cn/Public/m/better_house/wx_qun/qun_list@3x.png,//js.baletoo.cn/Public/m/better_house/wx_qun/daguangouzhuang.png?20210326,13396648466,2021-04-27 14:19:08,杭州
109,出个房崇贤找房交流群,//js.baletoo.cn/Public/m/better_house/wx_qun/qun_list@3x.png,//js.baletoo.cn/Public/m/better_house/wx_qun/daguangouzhuang.png?20210326,13396648466,2021-04-27 14:19:08,杭州
110,出个房体育场路找房交流群,//js.baletoo.cn/Public/m/better_house/wx_qun/qun_list@3x.png,//js.baletoo.cn/Public/m/better_house/wx_qun/daguangouzhuang.png?20210326,13396648466,2021-04-27 14:19:08,杭州
111,出个房吴山找房交流群,//js.baletoo.cn/Public/m/better_house/wx_qun/qun_list@3x.png,//js.baletoo.cn/Public/m/better_house/wx_qun/daguangouzhuang.png?20210326,13396648466,2021-04-27 14:19:08,杭州
112,出个房城东新城找房交流群,//js.baletoo.cn/Public/m/better_house/wx_qun/qun_list@3x.png,//js.baletoo.cn/Public/m/better_house/wx_qun/daguangouzhuang.png?20210326,13396648466,2021-04-27 14:19:08,杭州
113,出个房众安桥找房交流群,//js.baletoo.cn/Public/m/better_house/wx_qun/qun_list@3x.png,//js.baletoo.cn/Public/m/better_house/wx_qun/daguangouzhuang.png?20210326,13396648466,2021-04-27 14:19:08,杭州
114,出个房湖滨找房交流群,//js.baletoo.cn/Public/m/better_house/wx_qun/qun_list@3x.png,//js.baletoo.cn/Public/m/better_house/wx_qun/daguangouzhuang.png?20210326,13396648466,2021-04-27 14:19:08,杭州
115,出个房建国路找房交流群,//js.baletoo.cn/Public/m/better_house/wx_qun/qun_list@3x.png,//js.baletoo.cn/Public/m/better_house/wx_qun/daguangouzhuang.png?20210326,13396648466,2021-04-27 14:19:08,杭州
116,出个房未来科技城找房交流群,//js.baletoo.cn/Public/m/better_house/wx_qun/qun_list@3x.png,//js.baletoo.cn/Public/m/better_house/wx_qun/daguangouzhuang.png?20210326,13396648466,2021-04-27 14:19:08,杭州
117,出个房复兴找房交流群,//js.baletoo.cn/Public/m/better_house/wx_qun/qun_list@3x.png,//js.baletoo.cn/Public/m/better_house/wx_qun/daguangouzhuang.png?20210326,13396648466,2021-04-27 14:19:08,杭州
118,出个房和睦找房交流群,//js.baletoo.cn/Public/m/better_house/wx_qun/qun_list@3x.png,//js.baletoo.cn/Public/m/better_house/wx_qun/daguangouzhuang.png?20210326,13396648466,2021-04-27 14:19:08,杭州
119,出个房瓶窑找房交流群,//js.baletoo.cn/Public/m/better_house/wx_qun/qun_list@3x.png,//js.baletoo.cn/Public/m/better_house/wx_qun/daguangouzhuang.png?20210326,13396648466,2021-04-27 14:19:08,杭州
120,出个房留下找房交流群,//js.baletoo.cn/Public/m/better_house/wx_qun/qun_list@3x.png,//js.baletoo.cn/Public/m/better_house/wx_qun/daguangouzhuang.png?20210326,13396648466,2021-04-27 14:19:08,杭州
121,出个房四季青找房交流群,//js.baletoo.cn/Public/m/better_house/wx_qun/qun_list@3x.png,//js.baletoo.cn/Public/m/better_house/wx_qun/daguangouzhuang.png?20210326,13396648466,2021-04-27 14:19:08,杭州
122,出个房转塘找房交流群,//js.baletoo.cn/Public/m/better_house/wx_qun/qun_list@3x.png,//js.baletoo.cn/Public/m/better_house/wx_qun/daguangouzhuang.png?20210326,13396648466,2021-04-27 14:19:08,杭州
190,出个房香蜜湖找房交流群,//js.baletoo.cn/Public/m/better_house/wx_qun/qun_list@3x.png,//js.baletoo.cn/Public/m/better_house/wx_qun/shenzhen1.png?20210326,18069124012,2021-04-27 14:19:10,深圳
191,出个房沙井找房交流群,//js.baletoo.cn/Public/m/better_house/wx_qun/qun_list@3x.png,//js.baletoo.cn/Public/m/better_house/wx_qun/shenzhen1.png?20210326,18069124012,2021-04-27 14:19:10,深圳
192,出个房竹子林找房交流群,//js.baletoo.cn/Public/m/better_house/wx_qun/qun_list@3x.png,//js.baletoo.cn/Public/m/better_house/wx_qun/shenzhen1.png?20210326,18069124012,2021-04-27 14:19:10,深圳
193,出个房石厦找房交流群,//js.baletoo.cn/Public/m/better_house/wx_qun/qun_list@3x.png,//js.baletoo.cn/Public/m/better_house/wx_qun/shenzhen1.png?20210326,18069124012,2021-04-27 14:19:10,深圳
194,出个房莲塘找房交流群,//js.baletoo.cn/Public/m/better_house/wx_qun/qun_list@3x.png,//js.baletoo.cn/Public/m/better_house/wx_qun/shenzhen1.png?20210326,18069124012,2021-04-27 14:19:10,深圳
195,出个房华侨城找房交流群,//js.baletoo.cn/Public/m/better_house/wx_qun/qun_list@3x.png,//js.baletoo.cn/Public/m/better_house/wx_qun/shenzhen1.png?20210326,18069124012,2021-04-27 14:19:10,深圳
196,出个房科技园找房交流群,//js.baletoo.cn/Public/m/better_house/wx_qun/qun_list@3x.png,//js.baletoo.cn/Public/m/better_house/wx_qun/shenzhen1.png?20210326,18069124012,2021-04-27 14:19:10,深圳
197,出个房福永找房交流群,//js.baletoo.cn/Public/m/better_house/wx_qun/qun_list@3x.png,//js.baletoo.cn/Public/m/better_house/wx_qun/shenzhen1.png?20210326,18069124012,2021-04-27 14:19:10,深圳
198,出个房新洲找房交流群,//js.baletoo.cn/Public/m/better_house/wx_qun/qun_list@3x.png,//js.baletoo.cn/Public/m/better_house/wx_qun/shenzhen1.png?20210326,18069124012,2021-04-27 14:19:10,深圳
199,出个房南头找房交流群,//js.baletoo.cn/Public/m/better_house/wx_qun/qun_list@3x.png,//js.baletoo.cn/Public/m/better_house/wx_qun/shenzhen1.png?20210326,18069124012,2021-04-27 14:19:10,深圳
200,出个房福田中心区找房交流群,//js.baletoo.cn/Public/m/better_house/wx_qun/qun_list@3x.png,//js.baletoo.cn/Public/m/better_house/wx_qun/shenzhen1.png?20210326,18069124012,2021-04-27 14:19:10,深圳
201,出个房东门找房交流群,//js.baletoo.cn/Public/m/better_house/wx_qun/qun_list@3x.png,//js.baletoo.cn/Public/m/better_house/wx_qun/shenzhen1.png?20210326,18069124012,2021-04-27 14:19:10,深圳
202,出个房前海找房交流群,//js.baletoo.cn/Public/m/better_house/wx_qun/qun_list@3x.png,//js.baletoo.cn/Public/m/better_house/wx_qun/shenzhen1.png?20210326,18069124012,2021-04-27 14:19:10,深圳
203,出个房西乡找房交流群,//js.baletoo.cn/Public/m/better_house/wx_qun/qun_list@3x.png,//js.baletoo.cn/Public/m/better_house/wx_qun/shenzhen1.png?20210326,18069124012,2021-04-27 14:19:10,深圳
204,出个房莲花找房交流群,//js.baletoo.cn/Public/m/better_house/wx_qun/qun_list@3x.png,//js.baletoo.cn/Public/m/better_house/wx_qun/shenzhen1.png?20210326,18069124012,2021-04-27 14:19:10,深圳
205,出个房春风路找房交流群,//js.baletoo.cn/Public/m/better_house/wx_qun/qun_list@3x.png,//js.baletoo.cn/Public/m/better_house/wx_qun/shenzhen1.png?20210326,18069124012,2021-04-27 14:19:10,深圳
206,出个房黄贝岭找房交流群,//js.baletoo.cn/Public/m/better_house/wx_qun/qun_list@3x.png,//js.baletoo.cn/Public/m/better_house/wx_qun/shenzhen1.png?20210326,18069124012,2021-04-27 14:19:10,深圳
207,出个房皇岗找房交流群,//js.baletoo.cn/Public/m/better_house/wx_qun/qun_list@3x.png,//js.baletoo.cn/Public/m/better_house/wx_qun/shenzhen1.png?20210326,18069124012,2021-04-27 14:19:10,深圳
208,出个房人民南找房交流群,//js.baletoo.cn/Public/m/better_house/wx_qun/qun_list@3x.png,//js.baletoo.cn/Public/m/better_house/wx_qun/shenzhen1.png?20210326,18069124012,2021-04-27 14:19:10,深圳
209,出个房白石洲找房交流群,//js.baletoo.cn/Public/m/better_house/wx_qun/qun_list@3x.png,//js.baletoo.cn/Public/m/better_house/wx_qun/shenzhen1.png?20210326,18069124012,2021-04-27 14:19:10,深圳
210,出个房西丽找房交流群,//js.baletoo.cn/Public/m/better_house/wx_qun/qun_list@3x.png,//js.baletoo.cn/Public/m/better_house/wx_qun/shenzhen1.png?20210326,18069124012,2021-04-27 14:19:10,深圳
211,出个房罗湖口岸找房交流群,//js.baletoo.cn/Public/m/better_house/wx_qun/qun_list@3x.png,//js.baletoo.cn/Public/m/better_house/wx_qun/shenzhen1.png?20210326,18069124012,2021-04-27 14:19:10,深圳
212,出个房车公庙找房交流群,//js.baletoo.cn/Public/m/better_house/wx_qun/qun_list@3x.png,//js.baletoo.cn/Public/m/better_house/wx_qun/shenzhen1.png?20210326,18069124012,2021-04-27 14:19:10,深圳
213,出个房蔡屋围找房交流群,//js.baletoo.cn/Public/m/better_house/wx_qun/qun_list@3x.png,//js.baletoo.cn/Public/m/better_house/wx_qun/shenzhen1.png?20210326,18069124012,2021-04-27 14:19:10,深圳
214,出个房洪湖找房交流群,//js.baletoo.cn/Public/m/better_house/wx_qun/qun_list@3x.png,//js.baletoo.cn/Public/m/better_house/wx_qun/shenzhen1.png?20210326,18069124012,2021-04-27 14:19:10,深圳
215,出个房桃源居找房交流群,//js.baletoo.cn/Public/m/better_house/wx_qun/qun_list@3x.png,//js.baletoo.cn/Public/m/better_house/wx_qun/shenzhen1.png?20210326,18069124012,2021-04-27 14:19:10,深圳
216,出个房保税区找房交流群,//js.baletoo.cn/Public/m/better_house/wx_qun/qun_list@3x.png,//js.baletoo.cn/Public/m/better_house/wx_qun/shenzhen1.png?20210326,18069124012,2021-04-27 14:19:10,深圳
217,出个房南山中心区找房交流群,//js.baletoo.cn/Public/m/better_house/wx_qun/qun_list@3x.png,//js.baletoo.cn/Public/m/better_house/wx_qun/shenzhen1.png?20210326,18069124012,2021-04-27 14:19:10,深圳
218,出个房翠竹找房交流群,//js.baletoo.cn/Public/m/better_house/wx_qun/qun_list@3x.png,//js.baletoo.cn/Public/m/better_house/wx_qun/shenzhen1.png?20210326,18069124012,2021-04-27 14:19:10,深圳
219,出个房大学城找房交流群,//js.baletoo.cn/Public/m/better_house/wx_qun/qun_list@3x.png,//js.baletoo.cn/Public/m/better_house/wx_qun/shenzhen1.png?20210326,18069124012,2021-04-27 14:19:10,深圳
220,出个房园岭找房交流群,//js.baletoo.cn/Public/m/better_house/wx_qun/qun_list@3x.png,//js.baletoo.cn/Public/m/better_house/wx_qun/shenzhen1.png?20210326,18069124012,2021-04-27 14:19:10,深圳
221,出个房上下沙找房交流群,//js.baletoo.cn/Public/m/better_house/wx_qun/qun_list@3x.png,//js.baletoo.cn/Public/m/better_house/wx_qun/shenzhen1.png?20210326,18069124012,2021-04-27 14:19:10,深圳
222,出个房石岩找房交流群,//js.baletoo.cn/Public/m/better_house/wx_qun/qun_list@3x.png,//js.baletoo.cn/Public/m/better_house/wx_qun/shenzhen1.png?20210326,18069124012,2021-04-27 14:19:10,深圳
223,出个房红树湾找房交流群,//js.baletoo.cn/Public/m/better_house/wx_qun/qun_list@3x.png,//js.baletoo.cn/Public/m/better_house/wx_qun/shenzhen1.png?20210326,18069124012,2021-04-27 14:19:10,深圳
224,出个房松岗找房交流群,//js.baletoo.cn/Public/m/better_house/wx_qun/qun_list@3x.png,//js.baletoo.cn/Public/m/better_house/wx_qun/shenzhen1.png?20210326,18069124012,2021-04-27 14:19:10,深圳
225,出个房蛇口找房交流群,//js.baletoo.cn/Public/m/better_house/wx_qun/qun_list@3x.png,//js.baletoo.cn/Public/m/better_house/wx_qun/shenzhen1.png?20210326,18069124012,2021-04-27 14:19:10,深圳
226,出个房华强找房交流群,//js.baletoo.cn/Public/m/better_house/wx_qun/qun_list@3x.png,//js.baletoo.cn/Public/m/better_house/wx_qun/shenzhen1.png?20210326,18069124012,2021-04-27 14:19:10,深圳
227,出个房新安找房交流群,//js.baletoo.cn/Public/m/better_house/wx_qun/qun_list@3x.png,//js.baletoo.cn/Public/m/better_house/wx_qun/shenzhen1.png?20210326,18069124012,2021-04-27 14:19:10,深圳
228,出个房新秀找房交流群,//js.baletoo.cn/Public/m/better_house/wx_qun/qun_list@3x.png,//js.baletoo.cn/Public/m/better_house/wx_qun/shenzhen1.png?20210326,18069124012,2021-04-27 14:19:10,深圳
229,出个房横岗找房交流群,//js.baletoo.cn/Public/m/better_house/wx_qun/qun_list@3x.png,//js.baletoo.cn/Public/m/better_house/wx_qun/shenzhen1.png?20210326,18069124012,2021-04-27 14:19:10,深圳
230,出个房西乡找房交流群,//js.baletoo.cn/Public/m/better_house/wx_qun/qun_list@3x.png,//js.baletoo.cn/Public/m/better_house/wx_qun/shenzhen2.png?20210326,17367271611,2021-04-27 14:19:10,深圳
231,出个房宝安中心区找房交流群,//js.baletoo.cn/Public/m/better_house/wx_qun/qun_list@3x.png,//js.baletoo.cn/Public/m/better_house/wx_qun/shenzhen2.png?20210326,17367271611,2021-04-27 14:19:10,深圳
232,出个房南山中心区找房交流群,//js.baletoo.cn/Public/m/better_house/wx_qun/qun_list@3x.png,//js.baletoo.cn/Public/m/better_house/wx_qun/shenzhen2.png?20210326,17367271611,2021-04-27 14:19:10,深圳
233,出个房蔡屋围找房交流群,//js.baletoo.cn/Public/m/better_house/wx_qun/qun_list@3x.png,//js.baletoo.cn/Public/m/better_house/wx_qun/shenzhen2.png?20210326,17367271611,2021-04-27 14:19:10,深圳
234,出个房笋岗找房交流群,//js.baletoo.cn/Public/m/better_house/wx_qun/qun_list@3x.png,//js.baletoo.cn/Public/m/better_house/wx_qun/shenzhen2.png?20210326,17367271611,2021-04-27 14:19:10,深圳
235,出个房蛇口找房交流群,//js.baletoo.cn/Public/m/better_house/wx_qun/qun_list@3x.png,//js.baletoo.cn/Public/m/better_house/wx_qun/shenzhen2.png?20210326,17367271611,2021-04-27 14:19:10,深圳
236,出个房华强找房交流群,//js.baletoo.cn/Public/m/better_house/wx_qun/qun_list@3x.png,//js.baletoo.cn/Public/m/better_house/wx_qun/shenzhen2.png?20210326,17367271611,2021-04-27 14:19:10,深圳
237,出个房前海找房交流群,//js.baletoo.cn/Public/m/better_house/wx_qun/qun_list@3x.png,//js.baletoo.cn/Public/m/better_house/wx_qun/shenzhen2.png?20210326,17367271611,2021-04-27 14:19:10,深圳
238,出个房南油找房交流群,//js.baletoo.cn/Public/m/better_house/wx_qun/qun_list@3x.png,//js.baletoo.cn/Public/m/better_house/wx_qun/shenzhen2.png?20210326,17367271611,2021-04-27 14:19:10,深圳
239,出个房华强南找房交流群,//js.baletoo.cn/Public/m/better_house/wx_qun/qun_list@3x.png,//js.baletoo.cn/Public/m/better_house/wx_qun/shenzhen2.png?20210326,17367271611,2021-04-27 14:19:10,深圳
240,出个房泥岗找房交流群,//js.baletoo.cn/Public/m/better_house/wx_qun/qun_list@3x.png,//js.baletoo.cn/Public/m/better_house/wx_qun/shenzhen2.png?20210326,17367271611,2021-04-27 14:19:10,深圳
241,出个房洪湖找房交流群,//js.baletoo.cn/Public/m/better_house/wx_qun/qun_list@3x.png,//js.baletoo.cn/Public/m/better_house/wx_qun/shenzhen2.png?20210326,17367271611,2021-04-27 14:19:10,深圳
242,出个房银湖找房交流群,//js.baletoo.cn/Public/m/better_house/wx_qun/qun_list@3x.png,//js.baletoo.cn/Public/m/better_house/wx_qun/shenzhen2.png?20210326,17367271611,2021-04-27 14:19:10,深圳
243,出个房香蜜湖找房交流群,//js.baletoo.cn/Public/m/better_house/wx_qun/qun_list@3x.png,//js.baletoo.cn/Public/m/better_house/wx_qun/shenzhen2.png?20210326,17367271611,2021-04-27 14:19:10,深圳
244,出个房新安找房交流群,//js.baletoo.cn/Public/m/better_house/wx_qun/qun_list@3x.png,//js.baletoo.cn/Public/m/better_house/wx_qun/shenzhen2.png?20210326,17367271611,2021-04-27 14:19:10,深圳
245,出个房后海找房交流群,//js.baletoo.cn/Public/m/better_house/wx_qun/qun_list@3x.png,//js.baletoo.cn/Public/m/better_house/wx_qun/shenzhen2.png?20210326,17367271611,2021-04-27 14:19:10,深圳
246,出个房万象城找房交流群,//js.baletoo.cn/Public/m/better_house/wx_qun/qun_list@3x.png,//js.baletoo.cn/Public/m/better_house/wx_qun/shenzhen2.png?20210326,17367271611,2021-04-27 14:19:10,深圳
247,出个房翠竹找房交流群,//js.baletoo.cn/Public/m/better_house/wx_qun/qun_list@3x.png,//js.baletoo.cn/Public/m/better_house/wx_qun/shenzhen2.png?20210326,17367271611,2021-04-27 14:19:10,深圳
248,出个房景田找房交流群,//js.baletoo.cn/Public/m/better_house/wx_qun/qun_list@3x.png,//js.baletoo.cn/Public/m/better_house/wx_qun/shenzhen2.png?20210326,17367271611,2021-04-27 14:19:10,深圳
249,出个房梅林找房交流群,//js.baletoo.cn/Public/m/better_house/wx_qun/qun_list@3x.png,//js.baletoo.cn/Public/m/better_house/wx_qun/shenzhen2.png?20210326,17367271611,2021-04-27 14:19:10,深圳
250,出个房笔架山找房交流群,//js.baletoo.cn/Public/m/better_house/wx_qun/qun_list@3x.png,//js.baletoo.cn/Public/m/better_house/wx_qun/shenzhen2.png?20210326,17367271611,2021-04-27 14:19:10,深圳
251,出个房布心找房交流群,//js.baletoo.cn/Public/m/better_house/wx_qun/qun_list@3x.png,//js.baletoo.cn/Public/m/better_house/wx_qun/shenzhen2.png?20210326,17367271611,2021-04-27 14:19:10,深圳
252,出个房八卦岭找房交流群,//js.baletoo.cn/Public/m/better_house/wx_qun/qun_list@3x.png,//js.baletoo.cn/Public/m/better_house/wx_qun/shenzhen2.png?20210326,17367271611,2021-04-27 14:19:10,深圳
253,出个房水库找房交流群,//js.baletoo.cn/Public/m/better_house/wx_qun/qun_list@3x.png,//js.baletoo.cn/Public/m/better_house/wx_qun/shenzhen2.png?20210326,17367271611,2021-04-27 14:19:10,深圳
254,出个房南头找房交流群,//js.baletoo.cn/Public/m/better_house/wx_qun/qun_list@3x.png,//js.baletoo.cn/Public/m/better_house/wx_qun/shenzhen2.png?20210326,17367271611,2021-04-27 14:19:10,深圳
255,出个房上步找房交流群,//js.baletoo.cn/Public/m/better_house/wx_qun/qun_list@3x.png,//js.baletoo.cn/Public/m/better_house/wx_qun/shenzhen2.png?20210326,17367271611,2021-04-27 14:19:10,深圳
256,出个房莲花找房交流群,//js.baletoo.cn/Public/m/better_house/wx_qun/qun_list@3x.png,//js.baletoo.cn/Public/m/better_house/wx_qun/shenzhen2.png?20210326,17367271611,2021-04-27 14:19:10,深圳
257,出个房坂田找房交流群,//js.baletoo.cn/Public/m/better_house/wx_qun/qun_list@3x.png,//js.baletoo.cn/Public/m/better_house/wx_qun/shenzhen2.png?20210326,17367271611,2021-04-27 14:19:10,深圳
264,出个房百家湖找房交流群,//js.baletoo.cn/Public/m/better_house/wx_qun/qun_list@3x.png,//js.baletoo.cn/Public/m/better_house/wx_qun/nanjing1.png?20210326,19975228536,2021-04-27 14:19:13,南京
265,出个房建宁路找房交流群,//js.baletoo.cn/Public/m/better_house/wx_qun/qun_list@3x.png,//js.baletoo.cn/Public/m/better_house/wx_qun/nanjing1.png?20210326,19975228536,2021-04-27 14:19:13,南京
266,出个房岔路口找房交流群,//js.baletoo.cn/Public/m/better_house/wx_qun/qun_list@3x.png,//js.baletoo.cn/Public/m/better_house/wx_qun/nanjing1.png?20210326,19975228536,2021-04-27 14:19:13,南京
267,出个房迈皋桥找房交流群,//js.baletoo.cn/Public/m/better_house/wx_qun/qun_list@3x.png,//js.baletoo.cn/Public/m/better_house/wx_qun/nanjing1.png?20210326,19975228536,2021-04-27 14:19:13,南京
268,出个房麒麟门找房交流群,//js.baletoo.cn/Public/m/better_house/wx_qun/qun_list@3x.png,//js.baletoo.cn/Public/m/better_house/wx_qun/nanjing1.png?20210326,19975228536,2021-04-27 14:19:13,南京
269,出个房仙林找房交流群,//js.baletoo.cn/Public/m/better_house/wx_qun/qun_list@3x.png,//js.baletoo.cn/Public/m/better_house/wx_qun/nanjing1.png?20210326,19975228536,2021-04-27 14:19:13,南京
270,出个房科技园找房交流群,//js.baletoo.cn/Public/m/better_house/wx_qun/qun_list@3x.png,//js.baletoo.cn/Public/m/better_house/wx_qun/nanjing1.png?20210326,19975228536,2021-04-27 14:19:13,南京
271,出个房安德门找房交流群,//js.baletoo.cn/Public/m/better_house/wx_qun/qun_list@3x.png,//js.baletoo.cn/Public/m/better_house/wx_qun/nanjing1.png?20210326,19975228536,2021-04-27 14:19:13,南京
272,出个房晓庄找房交流群,//js.baletoo.cn/Public/m/better_house/wx_qun/qun_list@3x.png,//js.baletoo.cn/Public/m/better_house/wx_qun/nanjing1.png?20210326,19975228536,2021-04-27 14:19:13,南京
273,出个房科学园找房交流群,//js.baletoo.cn/Public/m/better_house/wx_qun/qun_list@3x.png,//js.baletoo.cn/Public/m/better_house/wx_qun/nanjing1.png?20210326,19975228536,2021-04-27 14:19:13,南京
274,出个房将军大道找房交流群,//js.baletoo.cn/Public/m/better_house/wx_qun/qun_list@3x.png,//js.baletoo.cn/Public/m/better_house/wx_qun/nanjing1.png?20210326,19975228536,2021-04-27 14:19:13,南京
275,出个房马群找房交流群,//js.baletoo.cn/Public/m/better_house/wx_qun/qun_list@3x.png,//js.baletoo.cn/Public/m/better_house/wx_qun/nanjing1.png?20210326,19975228536,2021-04-27 14:19:13,南京
276,出个房东山找房交流群,//js.baletoo.cn/Public/m/better_house/wx_qun/qun_list@3x.png,//js.baletoo.cn/Public/m/better_house/wx_qun/nanjing1.png?20210326,19975228536,2021-04-27 14:19:13,南京
277,出个房江宁周边找房交流群,//js.baletoo.cn/Public/m/better_house/wx_qun/qun_list@3x.png,//js.baletoo.cn/Public/m/better_house/wx_qun/nanjing1.png?20210326,19975228536,2021-04-27 14:19:13,南京
278,出个房孝陵卫找房交流群,//js.baletoo.cn/Public/m/better_house/wx_qun/qun_list@3x.png,//js.baletoo.cn/Public/m/better_house/wx_qun/nanjing1.png?20210326,19975228536,2021-04-27 14:19:13,南京
279,出个房秣陵找房交流群,//js.baletoo.cn/Public/m/better_house/wx_qun/qun_list@3x.png,//js.baletoo.cn/Public/m/better_house/wx_qun/nanjing1.png?20210326,19975228536,2021-04-27 14:19:13,南京
280,出个房江宁大学城找房交流群,//js.baletoo.cn/Public/m/better_house/wx_qun/qun_list@3x.png,//js.baletoo.cn/Public/m/better_house/wx_qun/nanjing1.png?20210326,19975228536,2021-04-27 14:19:13,南京
281,出个房栖霞周边找房交流群,//js.baletoo.cn/Public/m/better_house/wx_qun/qun_list@3x.png,//js.baletoo.cn/Public/m/better_house/wx_qun/nanjing1.png?20210326,19975228536,2021-04-27 14:19:13,南京
282,出个房红山找房交流群,//js.baletoo.cn/Public/m/better_house/wx_qun/qun_list@3x.png,//js.baletoo.cn/Public/m/better_house/wx_qun/nanjing1.png?20210326,19975228536,2021-04-27 14:19:13,南京
283,出个房滨江开发区找房交流群,//js.baletoo.cn/Public/m/better_house/wx_qun/qun_list@3x.png,//js.baletoo.cn/Public/m/better_house/wx_qun/nanjing1.png?20210326,19975228536,2021-04-27 14:19:13,南京
284,出个房上坊找房交流群,//js.baletoo.cn/Public/m/better_house/wx_qun/qun_list@3x.png,//js.baletoo.cn/Public/m/better_house/wx_qun/nanjing1.png?20210326,19975228536,2021-04-27 14:19:13,南京
285,出个房小市找房交流群,//js.baletoo.cn/Public/m/better_house/wx_qun/qun_list@3x.png,//js.baletoo.cn/Public/m/better_house/wx_qun/nanjing1.png?20210326,19975228536,2021-04-27 14:19:13,南京
286,出个房江宁周边找房交流群,//js.baletoo.cn/Public/m/better_house/wx_qun/qun_list@3x.png,//js.baletoo.cn/Public/m/better_house/wx_qun/nanjing1.png?20210326,19975228536,2021-04-27 14:19:13,南京
287,出个房中央门找房交流群,//js.baletoo.cn/Public/m/better_house/wx_qun/qun_list@3x.png,//js.baletoo.cn/Public/m/better_house/wx_qun/nanjing1.png?20210326,19975228536,2021-04-27 14:19:13,南京
288,出个房五塘广场找房交流群,//js.baletoo.cn/Public/m/better_house/wx_qun/qun_list@3x.png,//js.baletoo.cn/Public/m/better_house/wx_qun/nanjing1.png?20210326,19975228536,2021-04-27 14:19:13,南京
289,出个房滨江开发区找房交流群,//js.baletoo.cn/Public/m/better_house/wx_qun/qun_list@3x.png,//js.baletoo.cn/Public/m/better_house/wx_qun/nanjing1.png?20210326,19975228536,2021-04-27 14:19:13,南京
290,出个房燕子矶找房交流群,//js.baletoo.cn/Public/m/better_house/wx_qun/qun_list@3x.png,//js.baletoo.cn/Public/m/better_house/wx_qun/nanjing1.png?20210326,19975228536,2021-04-27 14:19:13,南京
291,出个房西善桥找房交流群,//js.baletoo.cn/Public/m/better_house/wx_qun/qun_list@3x.png,//js.baletoo.cn/Public/m/better_house/wx_qun/nanjing1.png?20210326,19975228536,2021-04-27 14:19:13,南京
292,出个房能仁里找房交流群,//js.baletoo.cn/Public/m/better_house/wx_qun/qun_list@3x.png,//js.baletoo.cn/Public/m/better_house/wx_qun/nanjing1.png?20210326,19975228536,2021-04-27 14:19:13,南京
293,出个房梅山找房交流群,//js.baletoo.cn/Public/m/better_house/wx_qun/qun_list@3x.png,//js.baletoo.cn/Public/m/better_house/wx_qun/nanjing1.png?20210326,19975228536,2021-04-27 14:19:13,南京
294,出个房宁南找房交流群,//js.baletoo.cn/Public/m/better_house/wx_qun/qun_list@3x.png,//js.baletoo.cn/Public/m/better_house/wx_qun/nanjing1.png?20210326,19975228536,2021-04-27 14:19:13,南京
295,出个房月苑找房交流群,//js.baletoo.cn/Public/m/better_house/wx_qun/qun_list@3x.png,//js.baletoo.cn/Public/m/better_house/wx_qun/nanjing1.png?20210326,19975228536,2021-04-27 14:19:13,南京
296,出个房尧化门找房交流群,//js.baletoo.cn/Public/m/better_house/wx_qun/qun_list@3x.png,//js.baletoo.cn/Public/m/better_house/wx_qun/nanjing1.png?20210326,19975228536,2021-04-27 14:19:13,南京
297,出个房和燕路找房交流群,//js.baletoo.cn/Public/m/better_house/wx_qun/qun_list@3x.png,//js.baletoo.cn/Public/m/better_house/wx_qun/nanjing1.png?20210326,19975228536,2021-04-27 14:19:13,南京
298,出个房樱驼花园找房交流群,//js.baletoo.cn/Public/m/better_house/wx_qun/qun_list@3x.png,//js.baletoo.cn/Public/m/better_house/wx_qun/nanjing1.png?20210326,19975228536,2021-04-27 14:19:13,南京
299,出个房铁心桥找房交流群,//js.baletoo.cn/Public/m/better_house/wx_qun/qun_list@3x.png,//js.baletoo.cn/Public/m/better_house/wx_qun/nanjing1.png?20210326,19975228536,2021-04-27 14:19:13,南京
300,出个房金陵小区找房交流群,//js.baletoo.cn/Public/m/better_house/wx_qun/qun_list@3x.png,//js.baletoo.cn/Public/m/better_house/wx_qun/nanjing1.png?20210326,19975228536,2021-04-27 14:19:13,南京
301,出个房玄武门找房交流群,//js.baletoo.cn/Public/m/better_house/wx_qun/qun_list@3x.png,//js.baletoo.cn/Public/m/better_house/wx_qun/nanjing1.png?20210326,19975228536,2021-04-27 14:19:13,南京
302,出个房卫岗找房交流群,//js.baletoo.cn/Public/m/better_house/wx_qun/qun_list@3x.png,//js.baletoo.cn/Public/m/better_house/wx_qun/nanjing1.png?20210326,19975228536,2021-04-27 14:19:13,南京
303,出个房小行找房交流群,//js.baletoo.cn/Public/m/better_house/wx_qun/qun_list@3x.png,//js.baletoo.cn/Public/m/better_house/wx_qun/nanjing1.png?20210326,19975228536,2021-04-27 14:19:13,南京
304,出个房雨花新村找房交流群,//js.baletoo.cn/Public/m/better_house/wx_qun/qun_list@3x.png,//js.baletoo.cn/Public/m/better_house/wx_qun/nanjing1.png?20210326,19975228536,2021-04-27 14:19:13,南京
305,出个房桥北找房交流群,//js.baletoo.cn/Public/m/better_house/wx_qun/qun_list@3x.png,//js.baletoo.cn/Public/m/better_house/wx_qun/nanjing2.png?20210326,wxid_qj57ngdrsk0t22,2021-04-27 14:19:13,南京
306,出个房江东找房交流群,//js.baletoo.cn/Public/m/better_house/wx_qun/qun_list@3x.png,//js.baletoo.cn/Public/m/better_house/wx_qun/nanjing2.png?20210326,wxid_qj57ngdrsk0t22,2021-04-27 14:19:13,南京
307,出个房高新找房交流群,//js.baletoo.cn/Public/m/better_house/wx_qun/qun_list@3x.png,//js.baletoo.cn/Public/m/better_house/wx_qun/nanjing2.png?20210326,wxid_qj57ngdrsk0t22,2021-04-27 14:19:13,南京
308,出个房西善桥找房交流群,//js.baletoo.cn/Public/m/better_house/wx_qun/qun_list@3x.png,//js.baletoo.cn/Public/m/better_house/wx_qun/nanjing2.png?20210326,wxid_qj57ngdrsk0t22,2021-04-27 14:19:13,南京
309,出个房铁心桥找房交流群,//js.baletoo.cn/Public/m/better_house/wx_qun/qun_list@3x.png,//js.baletoo.cn/Public/m/better_house/wx_qun/nanjing2.png?20210326,wxid_qj57ngdrsk0t22,2021-04-27 14:19:13,南京
310,出个房高新区找房交流群,//js.baletoo.cn/Public/m/better_house/wx_qun/qun_list@3x.png,//js.baletoo.cn/Public/m/better_house/wx_qun/nanjing2.png?20210326,wxid_qj57ngdrsk0t22,2021-04-27 14:19:13,南京
311,出个房江浦找房交流群,//js.baletoo.cn/Public/m/better_house/wx_qun/qun_list@3x.png,//js.baletoo.cn/Public/m/better_house/wx_qun/nanjing2.png?20210326,wxid_qj57ngdrsk0t22,2021-04-27 14:19:13,南京
312,出个房奥体找房交流群,//js.baletoo.cn/Public/m/better_house/wx_qun/qun_list@3x.png,//js.baletoo.cn/Public/m/better_house/wx_qun/nanjing2.png?20210326,wxid_qj57ngdrsk0t22,2021-04-27 14:19:13,南京
313,出个房沿江找房交流群,//js.baletoo.cn/Public/m/better_house/wx_qun/qun_list@3x.png,//js.baletoo.cn/Public/m/better_house/wx_qun/nanjing2.png?20210326,wxid_qj57ngdrsk0t22,2021-04-27 14:19:13,南京
314,出个房江浦街道找房交流群,//js.baletoo.cn/Public/m/better_house/wx_qun/qun_list@3x.png,//js.baletoo.cn/Public/m/better_house/wx_qun/nanjing2.png?20210326,wxid_qj57ngdrsk0t22,2021-04-27 14:19:13,南京
315,出个房安德门找房交流群,//js.baletoo.cn/Public/m/better_house/wx_qun/qun_list@3x.png,//js.baletoo.cn/Public/m/better_house/wx_qun/nanjing2.png?20210326,wxid_qj57ngdrsk0t22,2021-04-27 14:19:13,南京
316,出个房浦口周边找房交流群,//js.baletoo.cn/Public/m/better_house/wx_qun/qun_list@3x.png,//js.baletoo.cn/Public/m/better_house/wx_qun/nanjing2.png?20210326,wxid_qj57ngdrsk0t22,2021-04-27 14:19:13,南京
317,出个房龙潭找房交流群,//js.baletoo.cn/Public/m/better_house/wx_qun/qun_list@3x.png,//js.baletoo.cn/Public/m/better_house/wx_qun/nanjing2.png?20210326,wxid_qj57ngdrsk0t22,2021-04-27 14:19:13,南京
318,出个房建宁路找房交流群,//js.baletoo.cn/Public/m/better_house/wx_qun/qun_list@3x.png,//js.baletoo.cn/Public/m/better_house/wx_qun/nanjing2.png?20210326,wxid_qj57ngdrsk0t22,2021-04-27 14:19:13,南京
319,出个房兴隆找房交流群,//js.baletoo.cn/Public/m/better_house/wx_qun/qun_list@3x.png,//js.baletoo.cn/Public/m/better_house/wx_qun/nanjing2.png?20210326,wxid_qj57ngdrsk0t22,2021-04-27 14:19:13,南京
320,出个房梅山找房交流群,//js.baletoo.cn/Public/m/better_house/wx_qun/qun_list@3x.png,//js.baletoo.cn/Public/m/better_house/wx_qun/nanjing2.png?20210326,wxid_qj57ngdrsk0t22,2021-04-27 14:19:13,南京
321,出个房龙江找房交流群,//js.baletoo.cn/Public/m/better_house/wx_qun/qun_list@3x.png,//js.baletoo.cn/Public/m/better_house/wx_qun/nanjing2.png?20210326,wxid_qj57ngdrsk0t22,2021-04-27 14:19:13,南京
322,出个房集庆门大街找房交流群,//js.baletoo.cn/Public/m/better_house/wx_qun/qun_list@3x.png,//js.baletoo.cn/Public/m/better_house/wx_qun/nanjing2.png?20210326,wxid_qj57ngdrsk0t22,2021-04-27 14:19:13,南京
323,出个房凤凰西街找房交流群,//js.baletoo.cn/Public/m/better_house/wx_qun/qun_list@3x.png,//js.baletoo.cn/Public/m/better_house/wx_qun/nanjing2.png?20210326,wxid_qj57ngdrsk0t22,2021-04-27 14:19:13,南京
324,出个房热河南路找房交流群,//js.baletoo.cn/Public/m/better_house/wx_qun/qun_list@3x.png,//js.baletoo.cn/Public/m/better_house/wx_qun/nanjing2.png?20210326,wxid_qj57ngdrsk0t22,2021-04-27 14:19:13,南京
325,出个房华侨路找房交流群,//js.baletoo.cn/Public/m/better_house/wx_qun/qun_list@3x.png,//js.baletoo.cn/Public/m/better_house/wx_qun/nanjing2.png?20210326,wxid_qj57ngdrsk0t22,2021-04-27 14:19:13,南京
326,出个房南湖找房交流群,//js.baletoo.cn/Public/m/better_house/wx_qun/qun_list@3x.png,//js.baletoo.cn/Public/m/better_house/wx_qun/nanjing2.png?20210326,wxid_qj57ngdrsk0t22,2021-04-27 14:19:13,南京
327,出个房丹凤街找房交流群,//js.baletoo.cn/Public/m/better_house/wx_qun/qun_list@3x.png,//js.baletoo.cn/Public/m/better_house/wx_qun/nanjing2.png?20210326,wxid_qj57ngdrsk0t22,2021-04-27 14:19:13,南京
328,出个房水西门找房交流群,//js.baletoo.cn/Public/m/better_house/wx_qun/qun_list@3x.png,//js.baletoo.cn/Public/m/better_house/wx_qun/nanjing2.png?20210326,wxid_qj57ngdrsk0t22,2021-04-27 14:19:13,南京
329,出个房茶南找房交流群,//js.baletoo.cn/Public/m/better_house/wx_qun/qun_list@3x.png,//js.baletoo.cn/Public/m/better_house/wx_qun/nanjing2.png?20210326,wxid_qj57ngdrsk0t22,2021-04-27 14:19:13,南京
330,出个房三牌楼找房交流群,//js.baletoo.cn/Public/m/better_house/wx_qun/qun_list@3x.png,//js.baletoo.cn/Public/m/better_house/wx_qun/nanjing2.png?20210326,wxid_qj57ngdrsk0t22,2021-04-27 14:19:13,南京
331,出个房南苑找房交流群,//js.baletoo.cn/Public/m/better_house/wx_qun/qun_list@3x.png,//js.baletoo.cn/Public/m/better_house/wx_qun/nanjing2.png?20210326,wxid_qj57ngdrsk0t22,2021-04-27 14:19:13,南京
332,出个房湖南路找房交流群,//js.baletoo.cn/Public/m/better_house/wx_qun/qun_list@3x.png,//js.baletoo.cn/Public/m/better_house/wx_qun/nanjing2.png?20210326,wxid_qj57ngdrsk0t22,2021-04-27 14:19:13,南京
333,出个房朝天宫找房交流群,//js.baletoo.cn/Public/m/better_house/wx_qun/qun_list@3x.png,//js.baletoo.cn/Public/m/better_house/wx_qun/nanjing2.png?20210326,wxid_qj57ngdrsk0t22,2021-04-27 14:19:13,南京
334,出个房宁海路找房交流群,//js.baletoo.cn/Public/m/better_house/wx_qun/qun_list@3x.png,//js.baletoo.cn/Public/m/better_house/wx_qun/nanjing2.png?20210326,wxid_qj57ngdrsk0t22,2021-04-27 14:19:13,南京
335,出个房顶山找房交流群,//js.baletoo.cn/Public/m/better_house/wx_qun/qun_list@3x.png,//js.baletoo.cn/Public/m/better_house/wx_qun/nanjing2.png?20210326,wxid_qj57ngdrsk0t22,2021-04-27 14:19:13,南京
258,出个房成都找房交流群,//js.baletoo.cn/Public/m/better_house/wx_qun/qun_list@3x.png,//js.baletoo.cn/Public/m/better_house/wx_qun/quanchengdu.png?20210326,I18106654068,2021-04-27 14:19:16,成都
259,出个房成都找房交流群,//js.baletoo.cn/Public/m/better_house/wx_qun/qun_list@3x.png,//js.baletoo.cn/Public/m/better_house/wx_qun/quanchengdu.png?20210326,I18106654068,2021-04-27 14:19:16,成都
260,出个房成都找房交流群,//js.baletoo.cn/Public/m/better_house/wx_qun/qun_list@3x.png,//js.baletoo.cn/Public/m/better_house/wx_qun/quanchengdu.png?20210326,I18106654068,2021-04-27 14:19:16,成都
261,出个房成都找房交流群,//js.baletoo.cn/Public/m/better_house/wx_qun/qun_list@3x.png,//js.baletoo.cn/Public/m/better_house/wx_qun/quanchengdu.png?20210326,I18106654068,2021-04-27 14:19:16,成都
262,出个房成都找房交流群,//js.baletoo.cn/Public/m/better_house/wx_qun/qun_list@3x.png,//js.baletoo.cn/Public/m/better_house/wx_qun/quanchengdu.png?20210326,I18106654068,2021-04-27 14:19:16,成都
263,出个房成都找房交流群,//js.baletoo.cn/Public/m/better_house/wx_qun/qun_list@3x.png,//js.baletoo.cn/Public/m/better_house/wx_qun/quanchengdu.png?20210326,I18106654068,2021-04-27 14:19:16,成都
